Industry Code,2005-1,2005-2,2005-3,2005-4,2006-1,2006-2,2006-3,2006-4,2007-1,2007-2,2007-3,2007-4,2008-1,2008-2,2008-3,2008-4,2009-1,2009-2,2009-3,2009-4,2010-1,2010-2,2010-3,2010-4,2011-1,2011-2,2011-3,2011-4,2012-1,2012-2,2012-3,2012-4,2013-1,2013-2,2013-3,2013-4,2014-1,2014-2,2014-3,2014-4,2015-1,2015-2,2015-3,2015-4,2016-1,2016-2,2016-3,2016-4,2017-1,2017-2,2017-3,2017-4,2018-1,2018-2,2018-3,2018-4,2019-1,2019-2,2019-3,2019-4,2020-1,2020--2,2020-3,2020-4,2021-1,2021-2,2021-3,2021-4,2022-1,2022-2,2022-3,2022-4,2023-1,2023-2,2023-3,2023-4,2024-1,2024-2,2024-3
11,299,299.6,300.7,301.4,298,299.4,304.3,314.5,339.6,343.7,348.9,365.2,374,380,377.5,359,337.4,333.6,335.1,349.9,352.1,358.8,368.6,386.8,424.7,421.9,434.2,437.2,445.8,449.9,449.7,458.9,489,492.4,493.7,474.4,489.3,513.6,496,495.4,462.9,455.8,461,451.9,439.4,435.1,425.7,423.4,449.3,450,446.4,450,451.7,455.3,440.7,444.8,431.8,434.6,440.5,449.2,454.8,406.8,440.4,471.2,486.9,539.3,556.2,555,598.6,643.3,656.2,660.7,645.9,623.1,616.2,601.6,594.3,589,592.5
111CA,252.4,253.9,254.2,253.7,249.1,251,256.9,267.9,293.5,299,305.5,321.1,329.7,334.8,331.8,315,294.5,292.3,294.2,309.7,307.9,312.9,322.7,340.2,375.8,372.5,384.2,388.8,398.4,402.3,403.5,412.4,442.1,443.8,442.4,421.9,432.8,457.7,439.9,438.5,406.5,401.4,405.8,399,387,384.2,376.1,371.9,396.8,396.5,393.1,395.7,396.4,399.3,390.1,394.6,381.4,384.1,389.8,396.9,401.7,356.6,386.5,413.2,427.2,478.5,493.4,492.4,533.6,579.2,589.5,594.6,579.2,557.1,549.6,535.5,528.8,525.6,531.5
113FF,46.6,45.7,46.5,47.7,48.9,48.4,47.4,46.6,46.1,44.7,43.3,44.1,44.3,45.2,45.7,44,42.9,41.2,40.9,40.2,44.2,45.9,45.9,46.6,48.9,49.4,50,48.4,47.4,47.5,46.2,46.4,46.9,48.6,51.3,52.5,56.5,56,56.1,56.9,56.3,54.5,55.3,52.9,52.4,51,49.6,51.4,52.5,53.5,53.4,54.2,55.4,56,50.6,50.2,50.4,50.5,50.7,52.3,53.1,50.2,53.9,58,59.7,60.8,62.8,62.6,65.1,64.2,66.7,66.1,66.8,65.9,66.6,66.1,65.5,63.4,61
21,342.7,369.2,404.7,461.2,445.3,447.3,454,434.1,436.3,473.9,473.4,521.6,577.3,703.4,682.5,495.1,412.7,381.6,392.9,432.5,494.1,483.3,501.2,521.7,555.8,611.3,610.5,629.6,637.6,600.9,600,615.2,628.2,658.2,685.6,649.2,721.5,767.7,747.3,674.2,536.9,515.7,464.6,408.6,332.2,356.6,379.3,402.7,453.7,447,449.7,500.8,545.6,573,613.5,610.1,563.5,568.4,554.9,544.1,489.5,294.7,354.7,404.2,490.2,578.2,627.1,736.5,788.2,952.3,948.4,813.7,754.8,683.2,718.4,721.5,694.9,704.6,689
211,211.7,227.7,255.5,302,267.8,257.7,263.2,241,244.5,273,271.3,318.8,366.7,476,444.8,265.9,205.1,208.1,228.9,268.2,316.3,289.1,299.5,313.9,343.4,387.9,375.8,384.7,380.6,342.7,353.2,374,389.9,414.4,438,408.7,462.8,485.2,456.6,378.4,257.4,270.4,236.1,202.3,159.7,195.5,212.6,231.4,255,238.9,240,282,315.4,335,368.1,368,324,321.6,304.6,313.9,258.6,143.4,199.5,240.5,312,391.4,439.4,544.9,581.3,732.1,716,582.3,506.1,441.8,486.1,481,455.9,465.6,450.5
212,79,83.8,85.7,88.7,96.4,102.9,102.4,101.6,98.4,105.7,106.3,107.6,112.1,119.8,122.3,110.4,108.9,103.5,104.1,103.3,106.1,111.7,113.8,119.1,125.1,131.4,134.4,132.6,133.6,126.8,119,119.1,114.4,114.2,116,113,116.6,119.4,118.5,110,110.2,106,104.2,97.4,92.1,93.2,96.4,97.8,102.7,100.4,100.6,103.8,106.8,107.6,106.2,107,105.4,109.2,106.6,103.2,100.4,87.3,97.1,100.4,111.6,115.4,117.3,119.3,128.3,136.5,139.6,136.2,143.2,134.7,133.3,136.4,138.4,136.5,139.8
213,52,57.7,63.6,70.6,81.2,86.7,88.3,91.4,93.4,95.3,95.8,95.2,98.5,107.6,115.3,118.8,98.7,70,59.9,61,71.6,82.5,87.9,88.8,87.2,92,100.3,112.4,123.5,131.4,127.8,122.1,124,129.6,131.6,127.4,142.1,163,172.2,185.7,169.4,139.3,124.3,108.9,80.4,68,70.4,73.5,96,107.7,109.1,115,123.3,130.4,139.2,135.1,134.1,137.6,143.7,127.1,130.5,64,58.1,63.3,66.6,71.4,70.5,72.3,78.5,83.8,92.7,95.2,105.5,106.7,98.9,104.1,100.5,102.5,98.6
22,383.3,394,431.8,455.8,427.2,422.2,428.2,410.4,439.5,450.7,449.1,467.3,497.7,555.1,545.4,501.4,467.4,421,408.7,449,486.4,486.3,505.8,499.5,490.1,488.7,493.1,467.7,445.7,461,468.8,470.9,471.5,489.6,477.4,498.9,539.9,520.5,504.4,518.2,525.3,497.8,484.9,461.3,449.8,466.6,489.3,476.3,465.8,485.1,467.9,477.7,509.5,513,515.3,524.2,529.4,510.3,525.2,507,481.4,475.1,501.2,520.2,591.8,573.6,593.1,618.1,632.7,726.9,742.9,694.6,670.9,604,666.4,619.8,633,643.4,635
23,1239.3,1269,1302.4,1337.6,1369.7,1366.5,1348.1,1330.2,1333.8,1347,1343.7,1331.4,1297.4,1294.7,1277.7,1233.1,1164.6,1109.2,1083.7,1037.4,991.6,1030,1017.1,1027.8,983.5,1017.4,1027.9,1053,1067.7,1064.9,1072.8,1096.5,1107,1140,1183.8,1204.3,1226.4,1256.1,1274.9,1301.2,1334.2,1396,1417.5,1434.2,1476.7,1493,1513.3,1551.4,1555.9,1571,1575.6,1609.3,1638.4,1671.7,1679.8,1657.9,1673.9,1722.4,1759.2,1773.1,1813.8,1756.4,1807.3,1861.9,1940.2,1981.4,1998.7,2040.5,2137.2,2199.9,2210.9,2230,2246.9,2294.5,2359.1,2443.1,2494.1,2509.6,2524
311FT,646,662.4,667.2,668.3,667,663.7,660.9,678.8,689.1,714.6,734.8,743.4,749.5,783.7,801.8,779.6,767.2,773.7,774.5,774.4,792.2,795.7,801.7,811.8,831.6,854.6,861.1,876.7,877,891.8,895.5,919.1,916,917.2,926.3,927.9,943.4,954.1,955.2,959.9,955.3,949.5,953.7,947.8,946.2,949,958.7,956.1,952,955.3,950.1,955,952.7,955.6,961.7,955.8,965.2,973.1,988.7,984.3,989.4,981,1007,1026.9,1044.4,1082.6,1101.7,1116.5,1134.9,1158.1,1169.4,1167.6,1182.3,1173.1,1182.1,1181.7,1191.7,1201.2,1214
313TT,78.5,77.7,75.6,76.4,75.7,72.3,70.7,68.1,66.7,65.2,63.8,62,59.4,57.6,57.8,51.3,46.1,44.8,46,48.6,49.3,49.8,49.5,50.6,52.7,53.4,52.9,52.5,52.5,51.8,51.6,51.3,52.2,52.9,53.8,55.5,54.7,56,55.6,54.7,54.2,52.4,53,51.5,51.9,51.7,51.1,51.3,50.6,49.7,49,49.5,49.4,50.3,51,52.2,50.7,50,50.1,48.8,47.9,42.1,45.9,48.1,49.1,50.3,50.9,52.4,52.7,52.8,52.6,51.4,50.6,49.9,49.6,49.6,49.6,48.8,49.2
315AL,40.8,40.7,39.4,40.1,41.2,41.3,37.5,36.7,32.8,30.5,28.6,27.4,26.5,27.8,27.2,25.4,25.1,24.4,24,24.1,23.1,23,23.1,23.9,25.4,25.8,25.4,23,20.5,19.4,18.8,18.3,19.4,19.4,19.4,19.4,18.6,19.3,18.5,19.7,18.4,18,18.5,18.8,18.3,19.1,18.5,18.2,16.6,15.6,15.1,15.5,16.5,16.3,17.7,17.3,17.2,17.3,17.4,17.5,17.1,15.6,17.2,18,18,18.2,17.9,18.1,18.4,19.5,19.7,21.9,22.4,23.3,24.1,25.5,26,26.5,26.5
31G,4678.5,4738.1,4821.9,4981.6,5022.1,5090.7,5143.7,5112.7,5203.9,5396.9,5468.5,5552.2,5599.8,5721.1,5661.7,4989.3,4458.6,4368.5,4529.9,4697.1,4841.2,4962.1,5074.7,5197.6,5441.2,5593.1,5651,5696,5764.6,5762.1,5742.1,5836.6,5907.7,5890.7,5914.9,5997.8,5999,6033.7,6058.9,5903.7,5697.1,5715,5687.5,5540.3,5429.7,5470,5493.4,5541.4,5605.9,5592.4,5654.6,5853.4,5953,6036.6,6102.7,6081.4,5997.1,6018,5931.1,5819.3,5651.4,4877.6,5472.6,5642.5,5957.4,6174.3,6358.3,6662.9,6967.7,7246.2,7207.4,7225.6,7199.5,7173.4,7252.6,7218.3,7229.1,7283.1,7309.2
31ND,2217,2269.7,2345.7,2401.1,2418.5,2467.7,2499.4,2429.5,2493.3,2617.7,2669.5,2755.3,2810.1,2946.1,2951.6,2518.7,2284.7,2300.5,2394.9,2457.7,2557.1,2607.3,2640.5,2741.7,2885.5,3030,3028.8,3033.7,3068.6,3038.4,3057.2,3127.5,3163.8,3120.1,3150.9,3170,3176.1,3174.8,3126.9,3015.1,2830.9,2843.6,2819,2722.5,2654.2,2713.4,2737.2,2770,2829.4,2794.4,2814.9,2949.2,3001.5,3043.9,3075.3,3057.6,2990.4,3005.4,2969.9,2917.8,2813,2471,2657.1,2748.8,2968.8,3128.5,3270,3453,3636.2,3851.4,3758,3724.9,3693.5,3568.6,3639.9,3615.8,3631.1,3633.7,3626.5
321,112.8,109.7,112.3,123.5,125.4,114.9,109.3,107.6,102.6,103.3,104.2,101.2,93.8,93,89.6,78.9,65.7,64.6,66.8,66.4,70.7,75,70,71.9,71.4,71.1,73.3,76,78.2,79.1,81.2,83.1,90.3,89.8,89.2,90.6,89.6,98.2,99.7,99.1,99,98.5,100.8,101,102.5,102.7,103.3,104.3,105.7,105.9,108.1,114.1,119.1,121.9,123.2,117.3,112.1,110.5,112.1,114.8,114.7,110.6,128.2,140.2,151.5,164.1,164.4,171.8,173.8,175.7,174.2,172.9,168.4,168.3,169.3,168.8,170.3,168.8,166.3
322,162,163.4,155.6,159.2,164.7,166.9,166.9,171.7,170.3,174.3,175.4,176.9,177.7,178.7,180.7,172.4,163.7,159.5,158.5,160.5,164.3,168,172.3,173.1,175.2,174.9,176,176.7,177.1,178.6,179.7,181.5,185.8,184.5,186,183.1,181.3,187.1,188.7,186.6,183.9,186.3,184.3,183.6,180.8,179.1,177,180.2,181.8,182.4,185,191.9,189.7,188.6,191.1,191.5,191.7,192.3,192.2,187.6,181,177.5,178.7,184.2,189.4,194.5,198.5,203.3,205.9,206,204.3,204.3,206.9,204.5,201.4,200.6,201,201.5,204.3
323,100,98.2,99.4,98.3,98.2,101.4,101.6,101.9,102.7,102.5,103.3,105.5,103.7,102,97.4,93.7,88.3,83.3,83,81.6,82.8,84.6,83.4,84.5,85.6,84.4,84,83,81.5,83.4,83.4,84.1,85.9,84.9,83.7,78.9,82.7,83.1,82.8,82,81.7,82.9,82,83.1,85,86.2,87.1,86.3,85.1,83.4,83.4,83.8,83,84.4,82.4,83.1,80.8,80.6,82.2,81.1,78.9,69.3,73.7,75.2,76.3,77.8,77.7,80.9,83.9,86.6,87.8,88.8,88.1,86.8,86.6,85.8,87.2,88.2,90
324,401.4,429.3,500.2,517.5,512,558.2,580.2,497.2,531.1,591.8,620.4,682.4,741.8,827.9,833.1,531.3,413.3,450.6,515.9,550,582.8,592.4,592.6,663.1,757.8,841.3,839.4,829.3,855,813.1,816.5,848.1,856,816.4,830.5,831.7,832.8,810.5,763.3,663.2,513.6,540.6,505.9,441.4,376.1,424.2,446,480.6,537.9,503.5,513.2,600.6,649,662.8,689.9,673.8,605.7,624.3,585.8,575,495.6,225.9,336.4,359.3,507.2,567.2,636.5,724.3,862.3,1028.7,923.5,884.9,803.3,712.8,776.8,737.9,730.6,702.4,664.1
325,595.1,603,612.5,632.5,647.5,653.4,671.1,669.2,693.9,731.6,738.1,751.5,747.2,763.4,751.3,681,616,600.9,623.6,645,681.2,706.9,730.3,744.3,763.1,793.8,788.6,785.8,791.4,784.7,793.7,806.3,825,821.7,827.3,846.4,837.1,834.4,830,812,788.3,779.2,786.5,765.1,764.2,774.4,767.7,764.6,773.3,768.6,781.3,807.4,814.8,832.7,826,828.1,822.7,815.1,804.2,781,764.3,737.6,762,793,829.8,873.8,906.2,961.7,976.7,991.5,998.9,1003.8,1039.6,1023.3,1020.8,1033.9,1044.8,1061.5,1076.4
326,193.1,195.1,195.7,208.8,212.1,210.6,210.6,205.9,206.6,207.1,205.1,206.2,204.4,205.2,202.2,184,165,163.3,169.4,173.7,181.6,186.9,187.6,190.3,194,201.9,201.3,206.7,213.8,215.5,217.9,218.7,223.5,223.2,223.8,227.1,225.4,230.5,232.8,237.1,235.5,234.6,235,231.3,231.9,229.7,231.2,232.8,232,235.7,237.8,245.5,246.5,253.3,255.6,255.7,256.5,252.7,249.3,242.7,238.7,222,236.2,244.1,254.6,264.1,280.6,295.8,301.5,308.3,301.9,302.1,300.2,294.9,298.5,300.8,300.2,303.6,302
327,110,111.1,112.2,119.6,128.2,124.1,124,126.9,130.9,131.3,127.2,124.5,119.7,118.7,114.8,104.5,92.8,88.5,90.9,87.9,90.4,94.3,93.8,90.9,92.7,92.5,93.1,97.9,96.7,99.1,99.8,101.5,102.5,106.1,108,106.5,108.8,113.2,115.2,116.4,116.4,116.5,120.4,122.2,125.2,124.7,124.5,125,125.5,126.6,126.6,130.6,128,132,132.6,133.1,133.5,135.6,137,134.2,131.3,128.6,135,139.6,139.7,142.9,146.4,152.4,155,158.5,158.4,160.3,160.4,162.1,162.5,162,160.2,160.6,162.6
331,209.2,196.2,193,211.8,220,230.1,240.9,241.4,244.6,255.7,255.5,270,284.9,303.9,307.1,225.6,161.1,142.4,171.5,193.8,216.7,237.1,240.7,248.4,268.3,283,284.2,290.6,282.8,273.8,260.5,259.7,264.9,258.4,263.2,266.9,260.5,265.5,271.6,265.5,248.6,232.6,221.5,210.8,200.3,201.8,205.8,209.8,217.2,218.6,224.1,231.7,242.4,255.6,260.6,259.8,248.8,243.8,232,219.2,207.9,168.5,195.8,224.7,248.5,259.3,294.6,315.7,320.2,332.4,327.3,318.8,318.3,321,319.8,316.4,313.2,317.1,315
332,281.7,287.2,283.7,299,313.8,314.6,315.3,322.8,333.6,342.6,344.7,350.1,359.8,369.4,363.1,338.6,297.7,270.4,273.8,279.5,284.1,294.9,298.9,304.5,316.8,320.9,330.2,339.5,344.1,343.5,341.8,342.9,349.8,350.4,348.5,353,353.9,357.3,366,365.3,360,354.9,352.4,344.6,343.4,342.8,342.9,342.7,341.6,342.8,344.6,356.1,364.2,373.9,376.7,378.1,379.6,378.3,378.6,373.5,362,320.7,347,357.6,375.6,379.8,394.6,415.5,425.4,431.9,431.1,432.4,428.8,426.1,432.6,439,434.9,440.3,441.3
333,292.3,293.5,300,309.6,313.7,321.5,325.6,333.7,329.2,353.1,353.8,351.4,360.3,352.6,355.5,347.3,298,280.7,273,289.7,298.4,316.5,323.6,336.1,348.5,357.4,379.5,391,400.2,409.4,404.2,404.4,407.1,394.4,387.4,401.3,407.3,409.2,425.7,401.9,384.3,385.4,385.8,372.3,361.8,354.9,352.3,361.9,368.9,378.2,381.3,384.6,383.1,389.9,391.6,394,396.2,400,391,377.3,365.2,326.5,352.3,364.7,377.2,383.7,395.3,404.7,431.5,434.3,442.7,451.6,450.1,450.3,453.5,454,450.4,452.9,453.4
334,406.2,402.1,407.8,414.7,419.4,423,428,433.4,441.2,447.2,443.9,445.2,443.1,433.6,419.3,396.5,347.4,342.6,353.1,357.8,353.2,355.9,365.1,361.1,361,364.3,362.1,359.2,354.2,360.4,351.1,351.3,349.6,351.3,350.4,358.9,349.1,351.5,351.7,339.5,343.6,353.3,347.7,345.2,342.7,347,350.8,349.6,348.5,350.7,355.9,362.1,361.8,367.3,365.1,372.4,367.4,372.9,367.2,361.5,362.3,359.1,372.8,373.9,377.9,379.7,381.5,379.4,397.1,405.9,413.7,415.7,411.6,411.4,414,418.8,420.3,419.3,420.6
335,106,106.3,109.3,112.9,114.2,117.2,118.1,119.1,123.5,125.6,126.9,129.2,127.9,129.7,130.7,119.4,103.8,101.8,102.3,103.1,103.5,107.4,110.3,113,115.3,117,119.2,119.9,123.7,123.4,122.4,121.7,125,124.1,122.9,122.5,123.9,124.9,131.4,129.5,129,126.9,126.6,126.4,122.6,122,123.4,123.8,124.8,123.7,123.2,125.3,126,127.3,129.4,129.5,131.2,131.6,131.9,131.3,130.5,120.6,127.1,130.3,137.5,139.3,143.9,148.1,152.1,155.9,157.1,161.7,167.3,168.3,168,168.9,170.9,169.4,170.1
3361MV,518.4,525.4,523,531.3,524.5,525.5,523.7,527,516.3,519.6,524.1,498.3,474.5,440.4,410.5,375,324.3,305.2,347.6,395.7,399.9,414.4,458.1,466,501,483.5,502.6,508,510.7,524.5,510,521.6,524.5,556.5,556.2,580.9,579.3,592,614.4,609.8,617.4,631.8,647.2,634.3,630.2,626.9,622.5,624.6,596.6,599.8,584.7,607.6,623.1,641.4,648.6,639,645.3,665,655.3,635.4,609.7,400.6,654.9,651.8,676.2,672.8,632.1,675.6,689.4,694.3,716.9,725.6,751.8,786.5,799.4,770.6,801.9,811.2,779.1
3364OT,195.6,203.8,202.8,222.1,205.7,210.1,213.5,226.7,246.7,259.3,272.3,276.3,278.8,280.6,271,246.8,256.7,252,235.5,248.3,249.3,241.1,257.8,247.8,259,254.3,259.2,262.3,286.8,287.7,290.8,298,298,305.4,299.9,310.9,317.6,317.8,322.7,325.9,329.8,333.3,324.4,313.8,307.4,295.9,300.3,302.9,319.8,319.5,354.2,348.8,359.5,338.6,357,356.4,347.7,328.9,316.7,320.9,330.7,254.3,266.7,270.5,258.8,279.7,286,290.3,319.4,336.3,356.4,385.7,375.1,436,420.2,428.1,398.3,430.8,493
337,83,84.3,83.5,86.2,87.4,87.1,85.5,85.5,85.6,85.5,86.4,85.3,80.1,79.6,78,70.1,62.7,58.9,59.5,57.5,57.8,58.4,56.6,56.3,57.3,56.4,56.9,58.4,63.1,65.7,66.7,67.5,67.1,67.8,67.6,67.4,67.4,68.4,70.2,72.7,71.5,74.9,76.6,76.1,76.1,76.2,75.4,75.5,74.6,75,77,78.5,77.8,77.2,76.1,75.7,75.4,74.8,73.2,73.3,71.9,65,70.4,72.5,73.4,73.9,76.1,77,80.2,81.7,82.4,83.2,81.6,81.5,79.9,80.7,82,82.2,82
339,146.4,148.8,148.9,149.9,151.3,154.8,160.3,159,156.5,156.1,160.1,165.5,166.8,173.5,170.5,168,163.7,161,160.9,159.8,160,159.9,159.2,159.9,164.2,162.7,162,159.5,155.6,157,156.3,157.5,165,166.5,170.7,169,165.5,160.9,163.4,163,166.5,163.3,165.1,171.1,163.2,161.6,155.1,151.3,153.4,157.2,160.1,164.7,166.6,167.5,166.6,168.6,169.6,171.2,166.4,160.1,152.2,152,165.4,168,172.4,170.6,173.5,179.4,187.4,188,189.2,192.7,192.6,193.3,193.4,195.2,195.7,196.8,199.3
33DG,2461.5,2468.4,2476.2,2580.5,2603.6,2623,2644.3,2683.2,2710.6,2779.2,2799.1,2796.9,2789.8,2775,2710.1,2470.7,2174,2068.1,2135,2239.4,2284,2354.8,2434.2,2455.9,2555.7,2563.1,2622.1,2662.3,2696,2723.7,2684.9,2709.1,2743.9,2770.6,2764,2827.8,2822.9,2858.9,2932,2888.5,2866.1,2871.4,2868.5,2817.9,2775.4,2756.6,2756.2,2771.4,2776.6,2798.1,2839.7,2904.2,2951.5,2992.7,3027.4,3023.9,3006.7,3012.6,2961.2,2901.5,2838.4,2406.6,2815.5,2893.8,2988.6,3045.8,3088.3,3209.9,3331.5,3394.8,3449.4,3500.7,3506,3604.8,3612.6,3602.5,3598,3649.4,3682.7
42,1083.6,1091.4,1108.6,1147.4,1171.5,1190.4,1209.2,1216.2,1234,1264.3,1276.4,1309,1339.1,1375.8,1353.5,1240.2,1125,1120,1158.2,1216.5,1284.8,1342,1384.2,1425.9,1482.8,1509,1553.6,1577.8,1631.4,1641.6,1657.3,1689.9,1731.9,1740.2,1756.6,1785.2,1797.2,1856.6,1880.9,1896.1,1887.6,1915.1,1913.5,1903.4,1885.5,1911.9,1930,1965.6,2010.6,2019.7,2060.7,2124.5,2111.7,2163.8,2195.5,2229.6,2254.7,2244.7,2227.5,2204.1,2179.6,1876.1,2187.7,2261.3,2382.5,2542.2,2557.5,2669.7,2866.7,2915.5,2904.6,2849,2833.6,2806.9,2848.3,2873.7,2888.1,2895.9,2956.9
441,211.9,216.4,215.5,203.7,215.5,213.8,214.4,214.9,214.1,215.6,216.8,216.6,210,197.7,180.1,150.1,140.7,140,151.6,158.8,176.6,197.7,204.4,208.8,203.8,194.8,193,203.5,213.2,218.8,224.4,231.1,238.4,244,249.2,252.8,254.4,272.4,277.3,284.7,287.9,304.7,313,316.8,326.9,332.2,342.2,342.3,342,351.2,360.8,369,370.3,371.7,369.4,370.4,365,369.3,375.2,375.6,337,322.9,384.1,387.5,411.6,455.9,433.5,462,514.2,526.6,528.6,529.7,544.1,540.9,539.9,538.5,536.8,532.2,543.8
445,171.2,174,176.2,179.4,181.8,184.6,186,187.7,187.6,186.9,187.7,190.7,192.5,195,196.2,192.9,190.4,189.7,190.3,192.6,196.1,196.2,197,199.3,202,204,204.4,204.7,206,207.6,207.8,209.3,210.5,210.5,212.8,214.3,215.4,219,223,226.6,230.5,230.8,232.3,232.3,233.6,236.3,237.9,241.6,246.5,247.5,249.3,253.7,250.6,252,253.4,256.4,259.7,262.6,266.3,265.4,287.8,292.1,289.6,289.1,296.7,304.3,312.3,319.1,325.5,332.7,337.8,343.9,343.7,341.9,344.9,346.4,346,347.8,351.2
44RT,1214.6,1233.2,1250.7,1260.4,1295.6,1298.3,1304.3,1310.3,1327.9,1333.4,1336.6,1338.2,1312.2,1309,1289.4,1198.6,1182.8,1191.4,1219.2,1238.2,1271.8,1300.5,1302.5,1323.8,1326.7,1331.6,1333.7,1351.8,1384.2,1387.7,1407.4,1435.5,1471.8,1480.9,1500.4,1513.3,1516.3,1566.5,1593.8,1623.9,1644,1676.3,1701.1,1706.5,1733.7,1757.6,1774.7,1786.4,1811.1,1827.3,1849.2,1900.1,1911.2,1934,1941.5,1950.5,1949,1980.7,2007.2,2014.8,1980,1919.7,2173.3,2214.3,2357.5,2502.6,2486.1,2569.9,2651.8,2709.8,2711.3,2710.6,2755.9,2751.6,2783.1,2801.2,2800.1,2812.3,2852.7
452,177.2,180.8,182,184.3,185,185,186.1,190,195.9,197.2,199.9,200.8,198.1,201.9,202,200.7,203.7,205.7,208.1,211.9,215.9,215.3,214.2,214.9,213.6,213.9,211.9,210.3,212.5,210,210.1,210.6,213.2,213.3,214.5,215.4,216.6,220.5,222.7,224.6,228.2,228.5,229.4,229.2,229.9,230.3,229.3,229.2,231.3,232.3,234.2,237.9,241.2,242.1,242.5,244.1,241.7,242.7,245.3,248.2,255.2,249,258.4,259.9,276.3,287,286.9,290.8,294.4,303.1,305,307.4,310.3,308.4,311.9,313.2,317.2,317,319.9
481,133,141.4,145.8,147,149.2,152.6,153.4,153.1,155.2,156.5,161.6,169.4,172.6,177,173.8,160.3,149.3,141.4,144.8,151,152.5,159.4,165.9,176.2,185.8,195.6,196.7,198.8,199,196.8,192.4,193.5,198.6,200.2,207,209,208.9,217.8,219.6,220.8,220,219.8,222.4,220.5,221.2,219,222.4,224.5,229.3,232.3,245.1,238.5,245.6,254.3,254.2,261,270.9,273.2,272.6,272.4,235,65.6,93.6,113.1,133.1,182.6,223.9,240.9,256.4,304.5,313.2,309.3,305.8,310.5,311.1,317.9,324.4,326.8,327.6
482,49.5,50.9,51.5,54.3,57.1,58.1,58.9,58.4,59,60.2,60.7,62.8,67.1,69.3,72.1,65.1,55,51.6,55.1,57.1,63.5,65.5,67.4,69.3,73,75.8,76.2,78.3,79.7,79.2,78.8,78.9,81.5,81.8,82.5,84.4,84.8,90,90,91,86.9,83.3,82,77.7,74.3,72.7,76.7,79,80.5,79.6,78,80.2,84.1,86.3,88,87.8,86.8,86.6,85.1,80.9,81.4,63.7,73.1,77.6,79.6,82.9,83.7,87.6,90.5,96.5,98.9,95.3,95.3,90,89.1,92.7,92.8,91.4,91.7
483,36.6,37.6,37.4,38.8,41.5,41.4,41.8,42.9,45,48,46.4,48.4,50.2,50.8,51.2,50.6,44.4,42.5,42,41.9,42.1,46.4,51.1,47.7,49,48.5,48.6,49.6,50.3,50.3,48.5,51,51.7,49.7,49.5,51.5,53.3,55.4,54.4,55,51.9,52.7,52.2,50.1,45.4,49.8,54.1,53.9,55.8,54.2,55.3,54.5,55.4,59.2,62.5,62,59.9,61.4,62,60.2,55.5,33.4,34.5,33.2,31.8,35.9,41.8,50.5,51.2,65.3,77.2,70.6,68.2,71.4,75,71.2,70.4,74.8,82.1
484,246.7,253,258.6,265.5,272.2,273.5,272.4,272.9,276.1,279.2,278.3,282.5,287.6,288.6,284.6,273.8,242.4,220.2,230.8,232,238.9,249,257.2,261,269.1,275.9,279.3,289.2,296.9,296.2,294.9,303.1,303.5,306.8,309.7,314.9,321,329.9,340,354.6,333.5,334.5,343.2,337.8,333.3,334.7,338.2,344.4,359,366.4,366.2,377.1,389.5,399.1,406.2,410.5,401,402.6,414.8,419.3,429.2,365.9,418,441.8,452.2,477.5,498.4,536.5,567.5,601,583.6,559.4,546,526,519.6,527.5,518.6,531.2,526.2
485,35,36.2,37.7,39.2,40.5,41.7,42.9,44.2,45.3,44.9,44.6,44.8,44.3,45.2,45.9,44.8,44.8,44.5,45.1,45.2,45.1,43.6,45.2,46.5,48,49.5,48.8,50.7,50.4,50.2,52.1,51.4,54.2,55.8,56.8,58.7,61.2,62.5,63.4,65.2,66.1,68,66.8,66.8,66.1,67.3,68,71.4,72.1,76.4,82.4,82.3,88.7,94.1,99.8,99,103.4,107,112.3,115.5,104.4,56.4,58.9,73.4,72.1,86.2,94.8,98.4,106.4,113.2,123.7,133.8,137.5,141.8,148.8,154.5,158.5,169.7,176.1
486,22.4,23.3,23.4,22.3,23.9,24.2,24.6,24.2,23.2,25.3,26,28.4,29.9,31,32,32.1,29.3,26.6,26.4,26.9,28.5,29.6,31.6,35.1,33.4,34.8,35.6,36.1,35.2,35.9,36.5,38.1,39.4,39.2,38.6,38.5,40.3,41.7,43.3,43.1,44,45.1,44.2,43.5,43.4,45.7,45.4,46.3,46.7,47.6,47.5,50.4,52.9,54.7,56.5,58.2,59.3,61,62.9,63.1,63,56.4,59.7,58.3,67.2,59.4,64.7,64.6,65.8,69.1,72.6,70.9,71.4,70.7,70.1,72.6,74.2,72.4,74.3
487OS,147.3,149.7,155.5,156.9,162,166.4,168.5,172.1,176.8,178.1,179.7,179.3,180,179.7,178,173.5,160.3,151.6,152.4,155.4,157.7,163.5,169.4,172.1,174.5,178.4,181.7,181.7,182.8,186.4,185.4,194.4,189.9,196.3,196.9,201.5,207.1,207.3,213.7,215.4,218.8,221.1,224.6,223.5,222.4,224.9,228.9,237,235.7,238.6,239,241.5,249.1,254.4,256.7,266.3,262.3,262.3,265,268.5,275.4,263.8,291.6,320,329.9,344.7,362,382.4,407.3,402,392.5,374.8,358.8,346.4,346,345.5,345.2,349,356.8
48TW,721.9,744.1,763.2,779.7,804.8,818.6,825.4,832.2,846.9,860.8,866.4,887.8,906.6,918.4,915,878.6,800.8,754.6,776.4,792.6,813.4,844.3,878.2,899.1,928,954.6,966.7,983.6,997,1002.3,998.1,1026.3,1032.1,1041.8,1046.7,1069.1,1085.4,1117.2,1133.4,1159.4,1136.1,1135.5,1147.5,1130.7,1121.1,1132.1,1155,1175.1,1201.5,1219.8,1237.9,1248.5,1289.9,1330,1355.6,1380.1,1375.8,1387.1,1408.3,1420.9,1379.9,1032.2,1170,1263.7,1320.2,1423.7,1530.2,1626.8,1716.9,1829.7,1846.3,1793.6,1760.7,1738.5,1738.3,1765,1773.8,1802,1825.9
493,51.5,52.2,53.3,55.8,58.4,60.6,62.7,64.3,66.3,68.5,69.2,72.1,74.9,76.8,77.4,78.5,75.3,76.2,79.8,83.1,85,87.3,90.5,91.2,95.3,96.1,99.8,99.2,102.7,107.3,109.5,115.9,113.4,112.1,105.7,110.5,108.8,112.7,109,114.3,114.9,111.1,112.1,110.8,114.9,118,121.3,118.7,122.5,124.5,124.3,124,124.6,128,131.6,135.3,132.1,133.1,133.5,140.9,136,127.1,140.7,146.2,154.3,154.6,160.9,165.9,171.8,178.1,184.6,179.6,177.6,181.8,178.6,183.2,189.8,186.8,191.1
4A0,654.2,662,677,693,713.3,714.9,717.7,717.7,730.4,733.7,732.2,730.1,711.5,714.3,711.2,654.9,648.1,656,669.1,674.9,683.3,691.3,686.9,700.9,707.4,718.8,724.4,733.3,752.5,751.3,765.1,784.5,809.7,813.1,823.9,830.7,830,854.6,870.9,887.9,897.3,912.3,926.5,928.2,943.3,958.8,965.3,973.4,991.4,996.3,1004.9,1039.5,1049.1,1068.3,1076.2,1079.6,1082.7,1106,1120.5,1125.6,1100.1,1055.7,1241.3,1277.7,1372.9,1455.3,1453.3,1497.9,1517.7,1547.4,1539.9,1529.6,1557.9,1560.3,1586.5,1603.1,1600.1,1615.3,1637.9
51,1115.5,1126.7,1139.5,1147.4,1164.7,1179.7,1188.3,1204,1209.9,1216.6,1226.2,1230.2,1253.6,1262.6,1267.5,1236.1,1213.4,1216.1,1216,1232.9,1246,1259.7,1280.3,1289.4,1298,1324.5,1336.3,1340.1,1359,1375.3,1384.2,1411.9,1411.5,1424.1,1452,1472.9,1497.5,1512.7,1525.5,1543.3,1552.8,1575.9,1590.1,1631.1,1669.1,1682.4,1711.8,1722.5,1737.9,1751.1,1772.5,1791.8,1835.4,1870.1,1896.4,1909.4,1918.4,1942.4,1976.5,2007,2016.7,1922.6,2028.8,2126.2,2178.5,2240.3,2287.8,2351.6,2413.3,2455.5,2462.1,2464.7,2485.3,2493.9,2533.9,2556.3,2607.7,2642.2,2710.1
511,284.4,291,296.3,296.6,302.3,304.4,305.3,305.9,314,310.4,308.3,311.4,319.8,316.2,315.5,300.3,288.4,288,285.9,290.9,286.4,288,291.3,291.2,295.1,298.1,301,298.2,294.2,295.4,292.9,302.5,309.9,303.5,313.4,315.9,320.6,327.7,330.1,326.3,328,327.1,326.3,333.7,345.7,352.7,360.4,372.4,374.7,381.3,392.2,392.9,396,396.5,401.5,405.5,411.5,415.7,421.2,425.4,434.7,429.7,449.4,466.5,477.8,494.8,503,518.7,538,553.5,557.4,564.3,576.1,581.4,602.4,607.4,628.9,645.3,667.5
512,136.2,132.9,135,133,132.9,136.7,136.5,140,138.5,137.1,138.8,133.8,134.1,134.6,130.9,124.8,124.2,123.5,121.1,123.6,128.9,128.9,130.8,130.7,121.8,130,132.7,128.8,130.8,131,129.4,135.6,128.5,132.8,138.5,142.2,139.1,138.4,136.1,135.4,139.2,143.9,143.1,148.2,156.3,144,151,148.2,156,147.8,149,150.1,160.1,166.9,163.4,159.7,159.9,165.4,168.4,173.6,174.2,128.6,134.5,151.2,155.3,153.3,170.8,193.5,185.7,201.6,197.5,197.2,204,202.5,203.6,198.1,199.7,200.6,210.2
513,601.6,608.2,609.5,617.7,626.7,631,635.7,643.5,644.2,652.1,659.8,660.6,667.7,673.2,680.6,669.6,659.3,663.7,665.6,670.8,678.8,683.1,691.7,695.7,702.5,709.1,710.9,716.2,725.3,729.5,734.5,743.1,737.5,751,758.9,764.8,782.2,787.7,796.8,812,808.9,820.5,825.7,843.3,853.3,863.8,873.5,870.5,860.6,863,858.9,865.6,878,881.9,895.3,892.9,888.6,891.1,894.5,901.7,898,865.2,895.1,917.2,922.7,934.7,943.1,945.9,966.8,960.8,956.2,949.5,943.4,936.6,935.4,933.3,932.1,926.6,934.9
514,93.3,94.7,98.7,100,102.8,107.6,110.8,114.6,113.2,117,119.4,124.4,132.1,138.6,140.6,141.5,141.4,140.9,143.5,147.6,151.9,159.7,166.6,171.9,178.7,187.4,191.8,196.8,208.7,219.4,227.4,230.7,235.6,236.8,241.2,249.9,255.6,259,262.4,269.7,276.8,284.4,295,305.9,313.7,321.9,326.9,331.4,346.5,358.9,372.4,383.2,401.2,424.8,436.2,451.2,458.4,470.1,492.3,506.2,509.9,499,549.8,591.3,622.8,657.5,671,693.5,722.8,739.6,751.1,753.7,761.8,773.4,792.5,817.5,847,869.7,897.6
52,1687.6,1721.7,1798.9,1795,1846.7,1870.2,1898.1,1925.9,1939.9,2004.1,2035.6,2121.1,2005.1,2063.9,2031.4,1870,1880.5,1936.5,1870.8,1838.6,1874.6,1886,1915.4,1994.4,2006.7,1985.2,1975.4,1979.6,2122.1,2108.5,2177.3,2215.9,2251.5,2286.2,2299.4,2370.1,2410.8,2460.8,2493.6,2528.8,2546.5,2591.4,2582.4,2586.8,2578,2624.7,2673.8,2695.6,2752,2792.6,2812.1,2874.3,2925.1,2933.4,2936.5,2957.9,2956.2,2999.6,3035.9,3040,3074.8,3097.3,3135.9,3195.8,3302.5,3292.8,3358.3,3396,3393.6,3436.7,3547,3601.8,3708.6,3793.4,3842.8,3792.6,3925.9,3977.2,4053.6
521CI,653.6,664,689.7,692.3,701.8,707.5,712,696.2,694.9,714.9,727.5,732.2,705.6,701.9,710.2,686.2,701.2,715.3,691.6,692.1,688.7,682.8,676.6,719.5,692,683.2,694.2,702.8,740,752.1,769.4,785,792.8,806.9,810.2,846.2,847.4,869.9,890.9,891.4,887.5,905.7,923.3,908.5,933.9,963.3,994,1009.1,1029.7,1056.3,1065.7,1080,1098.5,1109.9,1107.3,1131.9,1117,1113.1,1123.9,1125.6,1115.1,1142.2,1153.9,1178.3,1206.7,1198.9,1208,1197.2,1196.2,1220.5,1283.6,1319.4,1368.7,1384.6,1366.7,1367,1392.2,1382.9,1398.3
523,359.9,370.5,404,393.7,427.6,434.5,450.2,475.3,466.6,494.1,497.3,548.3,461.1,518.1,478.6,371.4,398.4,472.7,444.5,429.3,439.9,439.1,458.5,480.1,490.1,466.8,433.4,418.6,481.2,452.4,487.4,492.9,501,503,506.3,533.9,536.7,546,543.3,541.5,549.6,555.7,538.4,524.6,515.2,530.9,539,538.4,546.4,548.5,541.3,561.1,580.3,577.6,581.2,579.9,577.8,614.8,624.6,614.7,628.7,627,610.1,661.8,715.5,692.5,717.7,757.2,702.1,701.4,729.7,755.8,786.5,821.8,868.1,837.1,885.8,896.4,918.4
524,588.4,600.1,616.4,618.1,624,632.1,636.7,651.3,669.8,682.1,694.2,721.4,717.3,723.3,724.3,698.9,674.5,647.7,637.5,622.1,641.5,655.6,669.7,682.6,711.3,721.3,733.6,744.4,787.1,788.8,802.8,815.7,824.5,837,842.3,846,884,901.7,913,944.1,948.8,963.1,952.8,988.6,969.1,972.3,983.3,991.2,1018.9,1030.2,1047.9,1075.5,1093,1095.9,1100.1,1100.8,1116.2,1125.2,1139.6,1149.6,1179,1177,1214,1194.2,1211,1224.1,1248.1,1250,1298.8,1324,1345.1,1339.7,1357.7,1384.1,1397.6,1373.5,1428.6,1474.4,1509
525,85.8,87.1,88.8,90.9,93.2,96.1,99.2,103.1,108.5,113,116.6,119.3,121,120.6,118.4,113.4,106.4,100.8,97.2,95.1,104.6,108.5,110.6,112.3,113.3,113.9,114.2,113.9,113.8,115.1,117.7,122.4,133.2,139.4,140.6,144,142.8,143.2,146.4,151.8,160.6,166.9,167.9,165.1,159.8,158.1,157.6,156.9,156.9,157.5,157.3,157.7,153.4,150.1,147.9,145.3,145.2,146.5,147.9,150,152,151.2,157.9,161.5,169.3,177.3,184.5,191.5,196.5,190.8,188.6,186.9,195.7,202.9,210.4,215,219.2,223.5,227.9
53,2411.2,2482.4,2533.2,2553.8,2572.4,2584.3,2585.4,2627.6,2644.9,2648.2,2663.7,2688.3,2708.6,2709.2,2703.5,2668.2,2615.1,2615.7,2618.5,2648.1,2676.2,2731.6,2732,2751.7,2768.6,2783.6,2808,2816.4,2859.1,2886.9,2918.1,2993.3,3023,3061,3096.3,3132.2,3170.8,3195.7,3235.3,3269.1,3308.8,3349.1,3392.7,3429,3465.4,3515.5,3535.9,3578.4,3602.1,3623.7,3659.5,3704.2,3760.8,3808.6,3861.9,3916.5,3990.4,4045,4084.3,4111.7,4118.2,3988.6,4203.4,4325.1,4420.2,4606.3,4771.2,4932.5,5007.3,5070.5,5179.2,5268.4,5418.8,5512.6,5608.8,5669.9,5776,5842.4,5881.6
531,2166.5,2233.2,2280.8,2297.8,2312.2,2321.3,2321.9,2364.3,2385.9,2385.6,2389.7,2403.4,2416.8,2417,2413.7,2383.8,2346.3,2364,2378.4,2404.8,2419.9,2462.6,2457,2477.9,2488.8,2499.6,2520,2529.1,2567.6,2591.7,2618.6,2685.2,2713.8,2745.2,2773.9,2802.2,2833.6,2856.9,2892,2921.9,2970.9,3014.8,3057.8,3091.8,3126.2,3170.2,3198.5,3233.8,3257,3282.2,3310.2,3345.3,3386.6,3429.8,3479.9,3530.3,3614.1,3647.7,3666.4,3690.8,3709.8,3640.5,3779.3,3890.8,3977.6,4080,4219.2,4351.8,4429.3,4483.7,4581.8,4667.7,4777.4,4861.6,4941.3,5009.8,5103.5,5157.1,5192
532RL,244.7,249.2,252.3,256,260.2,263,263.5,263.3,259.1,262.6,274,285,291.7,292.2,289.8,284.4,268.8,251.8,240.1,243.3,256.3,269,275.1,273.8,279.7,283.9,287.9,287.3,291.5,295.2,299.6,308.1,309.2,315.8,322.4,330,337.1,338.8,343.3,347.1,337.8,334.3,334.9,337.3,339.1,345.3,337.4,344.6,345.1,341.5,349.3,359,374.2,378.7,382,386.2,376.3,397.3,417.9,420.9,408.4,348.1,424.1,434.3,442.5,526.3,552,580.7,578,586.8,597.4,600.8,641.4,650.9,667.5,660.1,672.5,685.3,689.6
54,1314.8,1335.4,1348.7,1385.8,1405.3,1419.5,1435.7,1467.2,1514.8,1534.3,1547.8,1581.4,1598.1,1634.6,1644.5,1619.8,1565.8,1550.5,1560.2,1562.5,1593.7,1599.3,1631.7,1647.2,1675.1,1700.2,1725.7,1742.3,1797.7,1789.8,1767.7,1784.8,1782.2,1815.1,1831.8,1852.1,1857.9,1901.9,1945.3,1968.4,1968.2,1992,2016.2,2002.4,2045.7,2050.2,2084.8,2124.7,2167.4,2191.1,2205.7,2252,2286.7,2343.4,2350.1,2379.7,2381.2,2453.6,2513.8,2554.8,2575.8,2381.5,2508.8,2623,2700.6,2777.7,2855.9,2934.7,3011.9,3072.8,3157.3,3206.5,3264.4,3280.2,3289.6,3364.1,3416.2,3481.7,3535.3
5411,271.7,270.5,266.8,271.6,270.2,279.2,282.3,292.1,299.9,285.5,284.4,291.9,289.3,299.2,294.4,285.6,278.6,279.7,283.1,278,285.9,281.9,289.4,286.8,296.4,299.8,298.8,296.1,317.5,306.6,296.5,307.2,291.8,310.2,311.7,319,307.7,311.2,325.2,320.8,320,330.7,340.8,324.7,340.4,325.7,330.1,343.9,351.8,359.9,348.3,358.8,349.9,365.2,360.9,359.1,360,363.7,378,382.3,383.3,357.3,368,390.3,413.9,391.5,414.6,429.1,437.6,437.9,442.5,433.5,441.6,447.1,442.7,459.5,459.7,486.1,489.2
5412OP,832.3,847,860.4,893.1,909.4,913.1,923.6,935.9,971.2,994,1000.4,1023.2,1030.4,1053.4,1063.7,1053.3,1014.8,993.5,996.5,996,1010.8,1020.3,1032.9,1043.8,1060.2,1074.8,1093.2,1100.4,1128.6,1128.5,1118.7,1119.7,1125.3,1146.1,1154,1161.8,1169.7,1204.8,1221.1,1247.1,1248.3,1263,1273.7,1271.5,1286.9,1293.9,1312.5,1336.3,1356.3,1356.4,1378.9,1401.6,1436.8,1462.1,1463.1,1485.7,1505.5,1561.1,1599.8,1625.7,1634.8,1480,1602.1,1668.7,1702.6,1779.4,1819.6,1875,1925.1,1964.6,2024.8,2077.4,2110.2,2123.6,2157,2191.8,2238.5,2265.1,2302.7
5415,210.8,218,221.5,221,225.7,227.3,229.7,239.1,243.7,254.8,263,266.3,278.5,282,286.4,280.9,272.4,277.3,280.6,288.5,297,297.1,309.4,316.6,318.5,325.7,333.8,345.8,351.7,354.8,352.5,357.9,365.1,358.8,366.2,371.3,380.5,385.9,399,400.5,399.9,398.4,401.7,406.2,418.5,430.7,442.1,444.6,459.2,474.9,478.5,491.6,500,516.1,526.1,534.8,515.7,528.8,536.1,546.8,557.7,544.2,538.6,564,584.1,606.7,621.7,630.6,649.3,670.3,690.1,695.6,712.5,709.5,689.9,712.8,718,730.5,743.4
55,345.6,349.6,359.9,364.2,371.8,380.5,383.2,399.1,428.7,431.6,435,438.6,432.7,432.7,434.7,430.3,385.4,397.6,407.7,410.3,410.5,416.2,424.1,437.8,452.5,449.2,442.5,441.8,463.9,463,477.7,510.8,487.4,496.6,493.6,494.1,517.5,508.8,516.2,532.1,542.9,543.7,540.8,541.8,538.7,540.1,540.9,544.7,552.1,559.4,569,594,591.5,591.6,611.1,609.5,628.3,633.2,629.7,635.7,635,621.2,630.2,669.4,669.6,694.4,679,710.2,727.2,753,771.4,772.9,770.6,777.3,790.9,798.2,815.3,832.7,860.1
56,560.9,576.8,582.7,600.7,615.5,615.4,623.1,637.4,644.9,666.3,672.6,677.9,690.4,687,683.2,668.4,639,625,628.3,643.1,652.8,668.7,675.8,691.1,697.5,711.1,719,717.6,733.2,731.2,753.4,762.7,737.8,773.2,785.8,814.1,831.5,846.4,852.8,882,890,899.5,915,918.2,938.3,974.3,999.8,1013.7,1038.3,1052.1,1059,1071.4,1094.6,1130,1158.1,1177.5,1178,1199.2,1230.6,1245.9,1220.8,1063.5,1134.1,1184.6,1212.3,1249.2,1312.2,1380.5,1439.8,1482.3,1482.7,1470.9,1503,1500.3,1484.4,1484,1496.5,1507.2,1524.5
561,498.6,512.6,514.5,528.3,543,541.5,549.7,563.4,568.7,590.4,596,600.5,610.6,606.4,605,588.9,566.1,552.5,553.2,564.3,573.4,584.5,592.1,608.7,614.1,628.9,634.6,634.8,649.1,647.6,670.4,679.1,653.4,686.8,698.2,724.6,741,752.5,757.7,785.1,797.1,803.7,817.4,818.8,836.5,871.1,893.8,904,925.3,937.3,942.4,953.4,975.1,1009.2,1033.2,1048.9,1050.1,1071.2,1101.3,1118,1090.1,942.9,1005.8,1051.2,1076.2,1111.4,1169.1,1232.3,1292.2,1325.8,1324.7,1311.2,1337.3,1335.2,1317.8,1314,1324,1332,1343.5
562,62.3,64.2,68.1,72.3,72.4,73.9,73.4,74,76.2,75.9,76.5,77.4,79.8,80.5,78.2,79.5,72.9,72.5,75.2,78.8,79.4,84.2,83.7,82.4,83.4,82.2,84.4,82.8,84.1,83.6,83,83.6,84.4,86.4,87.6,89.5,90.6,93.9,95.1,96.9,92.9,95.8,97.6,99.4,101.7,103.2,106,109.8,113.1,114.8,116.6,118,119.5,120.7,124.9,128.6,127.9,128,129.3,127.9,130.8,120.6,128.3,133.4,136.1,137.7,143.2,148.2,147.6,156.5,157.9,159.7,165.7,165.1,166.6,170,172.5,175.3,181
6,1542.9,1565.4,1593.4,1616.7,1641.6,1665.8,1686.8,1706.8,1746.1,1761.9,1792.3,1825.2,1859.1,1886.8,1914.1,1936.8,1959.2,1988.3,2016.3,2029.4,2047.3,2081.4,2113.8,2124,2142.7,2169.8,2182.9,2203,2249.7,2257.5,2267.9,2292.5,2285.3,2302.9,2317.4,2338.2,2323.1,2364.7,2408.4,2449.2,2464.8,2495,2543.9,2553.2,2585.3,2629.4,2643.4,2682.4,2714.1,2723.1,2754.2,2785.9,2805.7,2833.2,2867.9,2888.5,2931.2,2978,3009.2,3024.6,2982.4,2665.6,2918.5,3010.3,3039.6,3142,3236.9,3317.8,3368.9,3410,3504.5,3551.7,3663.7,3725.7,3782.3,3871.6,3973.1,4044,4129.2
61,191.6,193.3,195.9,199.5,205.4,210.9,215,222.4,229.6,234.3,238.3,244.4,248.5,253.8,261.4,265.4,269.2,271,274.8,279.1,285.9,292.5,294.9,298.3,301.8,305.6,307.8,310.6,310.4,307.2,309.7,311.2,314.8,318.9,321.4,322.3,324.5,328.2,331.7,334.2,336.1,339.7,340,343,345.5,351.4,350.3,352.3,353.9,356,359.2,360.8,364.7,368.5,371.4,373.4,380.5,382.8,383.6,385.7,382.5,334.7,355.5,354,363.5,378.2,392.5,407.1,418.1,430.1,446.8,452.8,463.2,469.9,477.5,482.8,491.1,496.8,503.3
62,1351.3,1372.2,1397.5,1417.2,1436.2,1454.9,1471.7,1484.4,1516.5,1527.6,1554,1580.9,1610.6,1633,1652.7,1671.4,1690,1717.3,1741.5,1750.3,1761.4,1788.9,1818.9,1825.7,1840.9,1864.2,1875.1,1892.4,1939.3,1950.3,1958.2,1981.4,1970.5,1984,1996,2016,1998.6,2036.6,2076.7,2115,2128.7,2155.3,2203.9,2210.2,2239.8,2277.9,2293,2330.1,2360.2,2367.1,2395,2425.1,2441,2464.7,2496.5,2515.1,2550.7,2595.1,2625.6,2638.9,2600,2330.9,2563,2656.3,2676.1,2763.8,2844.4,2910.7,2950.7,2979.9,3057.7,3098.9,3200.5,3255.8,3304.8,3388.8,3482,3547.2,3625.9
621,631.2,638.9,646.6,655,659.7,668.7,677,682.3,697,702.3,711.8,721.1,731.9,740.9,752.1,758.1,762.1,773.6,779.8,778.7,784.3,796.8,816,816.3,824.2,832.1,838.1,840.8,864.6,868.7,861.9,881.9,864,871.2,872.7,882.4,882.7,901.2,917.3,932,931.5,946.9,978.8,977.4,995.6,1012.9,1012.2,1039.8,1055.8,1064.7,1079.4,1089.5,1098,1100.1,1114.1,1124.5,1137,1160,1172,1180.2,1150.4,964.6,1129.9,1179.5,1185.6,1229.3,1273,1295.8,1319,1328.7,1360.7,1378.1,1438.8,1456.6,1482.3,1520.9,1565.6,1600.9,1635.9
622,456.7,464,476.8,481.7,491.9,500.3,506,510.7,521.5,522.2,532.2,544.2,557,565.6,572.7,582.1,594.6,604.5,617.9,627.3,623.4,635,642.4,646.8,656.7,665.4,669.5,679.7,698.3,704.5,717.4,717.4,721.3,728.3,731.6,740.8,721.8,736.5,747.7,764.3,777.3,784,796.5,799.7,808.1,818.2,826.3,832.8,841.7,839.4,844.7,858.9,866.8,883.1,893,891.7,909.9,928.6,940.1,946.2,932.7,875.2,923.1,950.8,968.2,996.5,1024.7,1050.8,1062.7,1070.7,1094.1,1111.7,1130.6,1154.3,1165.9,1192.6,1226.5,1249.3,1284.6
623,150,153.6,156.4,159.5,162.1,162.8,163.8,164.2,168.6,170.5,174.4,177.1,180.4,182.3,181.3,181.8,181.9,186.3,188.4,189.9,191.7,195,195.5,200.7,199.4,202,203.8,202.4,206.7,208,210.6,210.6,211.5,211.9,213.9,217.7,215.4,217.6,223.7,228.2,227.1,230.3,232.5,234.2,234.4,239.9,240.8,243.3,240.1,239.6,245.1,250.8,245.9,249.5,252.4,253.1,262.5,259.6,261.6,261.4,262,255.6,252.3,258.1,254.7,263.3,265.2,272.4,275.8,281.3,291.3,295.8,307.3,314.5,316.7,329.9,340.2,342.3,350.7
624,113.4,115.6,117.6,121,122.5,123,125,127.3,129.4,132.6,135.6,138.5,141.3,144.2,146.7,149.5,151.5,153,155.4,154.3,162,162,165,161.9,160.6,164.7,163.6,169.4,169.8,169.1,168.3,171.5,173.6,172.5,177.8,175.1,178.6,181.2,188,190.5,192.7,194.1,196,198.9,201.7,206.9,213.8,214.2,222.6,223.4,225.9,226,230.3,232,237.1,245.9,241.3,247,252,251.2,254.9,235.5,257.7,267.9,267.7,274.8,281.6,291.7,293.3,299.2,311.6,313.3,323.8,330.4,339.9,345.4,349.6,354.7,354.7
7,829.7,849.9,861.6,878.3,899.2,905.2,914.1,931,940.8,951.3,959.4,971.8,975.2,983,985.4,970.6,956.7,950.4,960,953.5,959.4,977,984.2,996.3,1003,1029.9,1042.2,1045,1070.9,1088.4,1102,1113,1121.5,1127.8,1143.7,1175.1,1183.4,1204,1227.8,1254.7,1280.7,1308.4,1313.7,1335.2,1351,1359.7,1377.2,1404.7,1430.5,1444.7,1461.7,1475,1498.2,1535.3,1556,1552.7,1569.9,1592.9,1629,1657,1526.5,897.5,1279.7,1292.4,1387,1627.2,1785.4,1826.4,1842,1985.1,2029.4,2088.8,2164,2160.4,2191.9,2238.1,2264.8,2288.8,2307.8
71,194.5,199.5,203.4,210.7,216.7,220,223.9,230.3,236.5,240.4,243.2,246.1,246.7,248.6,248.8,246.3,240.9,240,251,244.6,242.5,246.3,244,250.8,248.4,257.2,253.7,249.3,256.2,263.4,268.5,270.2,268.9,270.8,277.7,287.5,290.9,289.3,293.3,298,306.3,313.1,310.3,316.8,319.5,320.4,327.5,342.9,342.6,349.9,362.4,355.1,363.1,375,380,379,393.3,390.5,397.8,405.2,380,203.7,277.1,304.3,325.2,369.1,416.5,441.7,444.1,472.8,486.5,504.7,518.6,518.9,513.4,519.9,540.7,561.4,568.5
711AS,101.8,104.7,107.8,111.3,113.7,115.1,116.8,120.2,124.2,126.1,127.1,129.2,130.3,131.5,132.2,133.2,129.6,131.4,138,134,131.2,133.2,133.9,138,132.9,138.9,138.8,135.8,140.9,143.8,147,147.4,146.5,147.4,150.2,160.4,165.2,160.6,161.1,162.9,170,176.3,173.6,176.5,177.5,177.5,184.6,192.7,193.9,196.6,205.8,199.7,200.8,217.3,218.4,212.1,226.5,220.5,224.3,226.2,213,113.1,135.4,159.4,165,187.1,226.6,249.3,246.3,261.7,268.4,277.7,291.5,284.7,271.9,275.4,295.2,313.4,320.9
713,92.7,94.8,95.6,99.4,103,104.9,107,110.1,112.3,114.4,116,116.9,116.3,117.2,116.6,113.2,111.3,108.6,113,110.6,111.3,113.1,110.2,112.8,115.5,118.3,114.9,113.5,115.4,119.6,121.5,122.8,122.5,123.4,127.5,127.1,125.7,128.7,132.2,135.1,136.4,136.7,136.7,140.3,142,142.9,142.8,150.2,148.7,153.4,156.6,155.3,162.3,157.8,161.6,166.9,166.8,170,173.5,179,167,90.6,141.7,144.9,160.2,182,190,192.5,197.8,211.1,218,227,227.1,234.2,241.5,244.5,245.6,248,247.5
72,635.2,650.4,658.1,667.7,682.5,685.2,690.3,700.7,704.3,710.9,716.2,725.7,728.5,734.3,736.6,724.3,715.8,710.3,709.1,708.8,716.9,730.7,740.2,745.5,754.6,772.7,788.5,795.7,814.6,825,833.5,842.7,852.6,856.9,866.1,887.5,892.5,914.6,934.5,956.7,974.4,995.4,1003.4,1018.4,1031.5,1039.3,1049.7,1061.7,1087.9,1094.8,1099.3,1119.9,1135.1,1160.3,1175.9,1173.7,1176.6,1202.4,1231.2,1251.8,1146.4,693.8,1002.6,988.1,1061.8,1258.1,1368.8,1384.7,1397.9,1512.3,1542.9,1584,1645.4,1641.5,1678.5,1718.1,1724.1,1727.3,1739.3
721,172.7,175.5,178.5,182.7,187.2,187.7,185.8,188.8,190.6,192,191.8,196.9,198.1,200.9,200.3,192.9,184.1,180.9,182.1,180.7,181.1,185.7,187.8,188.1,192,197.1,201.5,204.3,206.7,215.5,217.2,220.5,220.7,223.7,227.4,232.3,236.9,241.4,246.8,251.5,256.3,257.8,259.5,260.9,265,268.3,272,271.9,280.3,281.6,283.9,285.9,289.3,301,297.6,304,305.1,306.2,307.7,306.9,268,103.5,181.7,176.8,189.9,233.2,277.8,292.7,302.6,332.6,343.9,361.7,376.9,364.5,373.4,383.3,396.4,391.8,385.9
722,462.5,474.9,479.6,485,495.4,497.5,504.5,511.8,513.7,518.9,524.4,528.8,530.5,533.4,536.3,531.4,531.7,529.4,527,528.2,535.8,545.1,552.4,557.4,562.6,575.5,586.9,591.4,607.9,609.5,616.3,622.2,631.8,633.2,638.7,655.2,655.7,673.3,687.6,705.1,718.1,737.6,744,757.5,766.5,771,777.7,789.8,807.6,813.2,815.4,834,845.8,859.3,878.3,869.8,871.5,896.2,923.5,944.8,878.4,590.3,820.8,811.3,871.9,1025,1091,1091.9,1095.3,1179.7,1199,1222.3,1268.5,1276.9,1305.1,1334.8,1327.6,1335.5,1353.4
81,494.2,494.1,496.4,504.2,509.8,518.5,526.8,538.4,534.9,530.4,539.1,540.6,548.7,557.3,553.8,541.9,528.8,517.4,515.5,523.8,529.7,533.3,536.3,540,541.9,546.4,554.6,551.9,566.7,573.9,576.8,586.7,576.9,585.4,589.8,596.7,606.6,619.6,634.2,645.4,640.5,653.3,651.6,657.2,669.4,675.5,687.2,696.5,700.7,705,710.6,719.3,723.7,737.6,746.1,757.9,770.8,762.7,780.2,793.4,776,647.4,737.5,745.9,748,789.5,827.8,852.9,880.4,891.1,951.9,985.9,1007.3,1011.9,1008.3,1038.6,1061.6,1083.5,1111.3
FIRE,4098.8,4204.1,4332,4348.9,4419.1,4454.5,4483.4,4553.5,4584.8,4652.3,4699.3,4809.4,4713.6,4773.1,4734.9,4538.2,4495.6,4552.3,4489.3,4486.7,4550.8,4617.5,4647.4,4746.1,4775.3,4768.8,4783.3,4796,4981.2,4995.4,5095.4,5209.2,5274.5,5347.1,5395.7,5502.3,5581.6,5656.5,5728.8,5797.9,5855.2,5940.5,5975.1,6015.9,6043.3,6140.2,6209.7,6274,6354.1,6416.3,6471.6,6578.5,6685.8,6742,6798.4,6874.4,6946.6,7044.6,7120.2,7151.6,7192.9,7085.9,7339.4,7521,7722.7,7899.1,8129.5,8328.5,8401,8507.3,8726.2,8870.2,9127.4,9305.9,9451.7,9462.6,9701.8,9819.5,9935.2
G,2571.5,2597.2,2644,2683.2,2737.2,2761.3,2789.3,2824.4,2865.2,2912.1,2952.1,3007,3055,3109,3168.3,3159.1,3167.7,3214.9,3243.6,3287.8,3314.5,3342.6,3341.7,3352.8,3357.2,3381.8,3370.5,3353.8,3375.8,3374.1,3400.9,3414.1,3416.1,3428,3433.6,3448.5,3473,3477.6,3516.6,3521.3,3534.4,3565.4,3585.9,3599.4,3605.3,3641.8,3675,3685.6,3708.9,3725.3,3748.7,3807.5,3865.8,3916.1,3970.7,4015.2,4042.4,4105.7,4154.4,4211.3,4248.1,4219.8,4278.8,4317.5,4482.6,4540.9,4602.1,4688.3,4756.1,4897.8,4953.1,4998.9,5031.6,5041,5142.2,5175,5261.2,5321.1,5399.7
GF,841.8,845.1,861.9,868.8,901.2,897.8,899.1,911.1,913.9,933.1,949,971.9,996.7,1019.7,1040.9,1043.5,1052,1075.6,1084.2,1111.3,1129.3,1152.3,1153.4,1156.5,1148.8,1158.3,1150.8,1144.6,1152.2,1145.9,1152.1,1132.2,1109.6,1105,1093.2,1087.3,1093.8,1091.1,1110.9,1092.7,1096.4,1099.1,1097.1,1102.3,1102.1,1106.4,1115.9,1118.6,1113.9,1120,1122.2,1141.7,1161,1177.8,1196.1,1208.1,1221.4,1242.3,1249.3,1255.8,1266,1360.5,1322.8,1334.9,1428.9,1412.4,1392.3,1423.9,1417.4,1451,1475.6,1490.2,1504.9,1513.4,1547.5,1552.6,1576,1594.8,1634.9
GFE,88.1,89.3,90.3,89.9,96.8,96.6,96.5,97,98.4,101,101.8,102.3,103.5,102.7,102.6,101.5,100.3,99.8,96.7,99.3,98,99.1,98.9,98,95.2,95.1,95.9,96.4,98.3,99.3,99.2,98.8,96.2,95.1,97.6,93.6,96.6,97.8,98.9,99.2,98.6,97.9,97.8,98.3,98.2,99.9,96.7,96.2,95.1,95.1,94.2,94.9,98.2,98.1,98.7,100.1,99.7,98.9,99.8,97.3,96.3,97.4,102.8,106,113.3,111.2,110.4,111.4,111.7,117.5,117.2,113.8,111.6,106.1,113.3,107.7,109.4,108.7,110.2
GFG,753.6,755.8,771.5,778.9,804.5,801.2,802.5,814.1,815.5,832.1,847.2,869.6,893.2,917,938.3,942,951.7,975.7,987.5,1012,1031.2,1053.2,1054.5,1058.5,1053.6,1063.2,1054.9,1048.2,1053.8,1046.6,1052.9,1033.4,1013.4,1009.9,995.6,993.7,997.2,993.2,1012,993.5,997.8,1001.2,999.3,1004,1003.9,1006.5,1019.2,1022.4,1018.8,1025,1028,1046.8,1062.8,1079.7,1097.5,1108,1121.8,1143.4,1149.5,1158.5,1169.7,1263.1,1219.9,1228.9,1315.6,1301.3,1281.9,1312.5,1305.7,1333.6,1358.3,1376.3,1393.3,1407.3,1434.2,1444.9,1466.6,1486.1,1524.7
GFGD,489.2,493.5,502.8,503.2,520.5,520.2,516.7,532.8,531.7,543.4,554.2,570.6,586.3,597.7,618.6,621.7,618.8,631.9,641.3,657.3,666,674.4,677.5,684.4,683.4,695.8,689.7,683.5,684.3,675.7,682,663.2,645.5,644,629.9,627,626.6,620.5,634.5,612.8,612.8,612.7,607.4,609.7,606.2,606,616.9,618.9,616.3,623.7,623,634.1,641.2,653.5,667.1,676.2,685.6,703.5,707.6,712.8,720.7,715.7,721.3,746.1,748.1,752.5,751,750,745.2,764.1,777.3,786.4,806.2,815.5,838,844.1,853.3,866.6,894.5
GFGN,264.4,262.3,268.8,275.8,283.9,281,285.8,281.3,283.8,288.7,293,298.9,306.9,319.3,319.7,320.3,332.9,343.8,346.2,354.8,365.2,378.8,377,374.1,370.1,367.4,365.2,364.7,369.6,370.9,370.9,370.2,367.9,365.9,365.8,366.7,370.6,372.7,377.5,380.7,385,388.5,391.9,394.3,397.7,400.5,402.3,403.5,402.5,401.3,405,412.7,421.7,426.2,430.3,431.8,436.2,439.9,441.9,445.8,449,547.5,498.7,482.8,567.5,548.7,530.9,562.5,560.4,569.5,581,590,587.1,591.8,596.3,600.7,613.3,619.5,630.2
GSL,1729.7,1752.1,1782.1,1814.3,1836,1863.5,1890.3,1913.3,1951.3,1979,2003.1,2035.1,2058.3,2089.3,2127.4,2115.6,2115.7,2139.3,2159.4,2176.5,2185.3,2190.3,2188.3,2196.3,2208.4,2223.5,2219.7,2209.2,2223.7,2228.2,2248.8,2281.9,2306.5,2322.9,2340.3,2361.2,2379.2,2386.5,2405.7,2428.6,2438,2466.3,2488.8,2497.1,2503.3,2535.4,2559.1,2566.9,2595,2605.2,2626.5,2665.9,2704.8,2738.4,2774.5,2807.1,2821,2863.4,2905.1,2955.5,2982.1,2859.3,2956,2982.6,3053.7,3128.5,3209.8,3264.4,3338.7,3446.7,3477.5,3508.8,3526.7,3527.7,3594.7,3622.4,3685.1,3726.3,3764.8
GSLE,188.8,193.3,197.5,203.7,209.1,210.7,212.9,215.1,216.7,220.8,225.2,230.9,232.9,238.4,244,246.7,250.6,253.6,259.1,262.5,266.9,271.1,275.9,278.9,283.4,286.8,287.7,288.1,285.9,293.4,302.9,312.1,306.4,309.5,310.4,319,324.4,318.8,319.3,328.2,333.6,330.4,332.5,332.6,335.5,341.5,345.6,341.1,351.3,354.8,353.5,357.4,366.8,371.4,373.1,378.3,379.4,380.6,383.5,386.1,372.2,314.8,346.4,351.6,365.5,386.1,400.7,410.4,421.1,437,445.7,449.1,451.3,452.2,464.8,471,479.5,489.6,492.2
GSLG,1540.9,1558.8,1584.7,1610.7,1626.9,1652.7,1677.3,1698.1,1734.6,1758.2,1777.9,1804.2,1825.4,1850.9,1883.3,1868.9,1865.1,1885.7,1900.3,1914,1918.3,1919.2,1912.5,1917.4,1925,1936.7,1932,1921.1,1937.8,1934.7,1946,1969.8,2000.1,2013.5,2030,2042.3,2054.8,2067.8,2086.4,2100.5,2104.3,2135.9,2156.2,2164.5,2167.7,2193.9,2213.5,2225.8,2243.6,2250.5,2273,2308.5,2338,2367,2401.4,2428.9,2441.6,2482.8,2521.7,2569.3,2609.9,2544.5,2609.6,2630.9,2688.2,2742.4,2809.1,2854.1,2917.6,3009.8,3031.9,3059.7,3075.4,3075.4,3129.9,3151.4,3205.7,3236.7,3272.6
HS,1324.4,1350.1,1366,1379.4,1398.5,1419.6,1440,1458.5,1475.6,1492.7,1514.1,1541.2,1568.7,1590.5,1604.6,1611.7,1611,1612.7,1618.6,1625.3,1635.6,1647.8,1656.5,1663.9,1672.8,1680.5,1690.8,1700.1,1709.4,1719.9,1731.3,1746.1,1762.6,1778.3,1791.3,1803,1812.9,1823.4,1833.9,1846.3,1860.1,1875.8,1893.7,1910.6,1929.1,1948.1,1967.8,1988.7,2006.1,2022.8,2042.2,2063.5,2083.4,2105.6,2126.9,2148.1,2173.2,2203.9,2234.2,2264.5,2299.8,2328.8,2358.2,2386.7,2416.2,2453,2494.5,2544.5,2600.6,2661.3,2727.8,2792,2852.3,2904.3,2952.7,3000,3050.4,3096.3,3140.8
II,22836.8,23238,23742.3,24254.4,24598.5,24833.7,25047.7,25222.3,25632.1,26127.6,26386.8,26854.8,27030.5,27583.5,27489.2,25996.5,24860.8,24692.3,24940.9,25343.2,25840.2,26303.1,26667.7,27106.9,27575.9,28009.4,28227.6,28388.1,28972.1,29018.9,29222.1,29715.5,29932.5,30234,30502.6,30886,31247,31724.1,32045.3,32166.5,31953.5,32281,32409.9,32291.4,32314.4,32716.7,33090.4,33471,33957.8,34180.3,34494.8,35239.7,35798.6,36376.7,36799.3,37043.4,37142.2,37578.4,37897.3,38013.9,37604.7,34143.9,36962.7,38129.3,39667.5,41275.7,42423.8,43870.3,45200.3,46678.5,47266.6,47388.5,47885.4,47971.7,48657.5,49032.6,49705.6,50260.7,50898.5
ORE,842.1,883.1,914.8,918.4,913.7,901.7,881.8,905.9,910.3,892.9,875.6,862.1,848.2,826.5,809.1,772.1,735.3,751.2,759.9,779.5,784.3,814.8,800.5,814,816,819.1,829.2,829,858.2,871.8,887.2,939.1,951.3,966.9,982.6,999.2,1020.7,1033.5,1058.1,1075.6,1110.8,1139,1164.1,1181.2,1197.2,1222.2,1230.7,1245.1,1251,1259.4,1267.9,1281.8,1303.2,1324.2,1353,1382.2,1441,1443.8,1432.2,1426.3,1410,1311.7,1421.1,1504.2,1561.5,1627.1,1724.7,1807.3,1828.7,1822.4,1854,1875.6,1925.1,1957.4,1988.6,2009.8,2053.1,2060.8,2051.2
PGOOD,6559.6,6676,6829.7,7081.9,7135.1,7203.9,7250.1,7191.4,7313.7,7561.5,7634.5,7770.4,7848.6,8099.3,7999.4,7076.6,6373.3,6192.9,6341.6,6516.8,6679,6834.2,6961.5,7133.9,7405.1,7643.7,7723.5,7815.8,7915.8,7877.7,7864.6,8007.1,8132,8181.4,8278,8325.7,8436.1,8571.1,8577.1,8374.5,8031.1,8082.5,8030.5,7835,7678.1,7754.8,7811.8,7918.8,8064.8,8060.4,8126.3,8413.5,8588.8,8736.5,8836.7,8794.3,8666.4,8743.4,8685.8,8585.8,8409.5,7335.5,8074.9,8379.8,8874.7,9273.2,9540.3,9995,10491.7,11041.7,11022.9,10930.1,10847,10774.2,10946.3,10984.5,11012.4,11086.4,11114.6
PROF,2221.3,2261.8,2291.3,2350.6,2392.6,2415.4,2441.9,2503.7,2588.5,2632.2,2655.4,2697.9,2721.2,2754.3,2762.4,2718.5,2590.2,2573,2596.2,2616,2657,2684.2,2731.6,2776.1,2825,2860.5,2887.2,2901.7,2994.8,2984,2998.8,3058.3,3007.4,3084.8,3111.2,3160.2,3207,3257.1,3314.3,3382.5,3401.1,3435.3,3472,3462.4,3522.7,3564.7,3625.4,3683.2,3757.8,3802.6,3833.6,3917.4,3972.9,4065,4119.3,4166.7,4187.5,4285.9,4374,4436.4,4431.6,4066.2,4273,4477,4582.5,4721.3,4847.1,5025.4,5179,5308.1,5411.3,5450.4,5538,5557.7,5564.9,5646.2,5728,5821.7,5919.9
PSERV,13705.7,13964.9,14268.6,14489.4,14726.2,14868.6,15008.3,15206.5,15453.2,15654,15800.2,16077.4,16126.9,16375.2,16321.5,15760.9,15319.8,15284.6,15355.8,15538.6,15846.7,16126.2,16364.4,16620.1,16813.5,16983.9,17133.6,17218.6,17680.5,17767.1,17956.7,18294.3,18384.4,18624.7,18791.1,19111.8,19337.9,19675.4,19951.6,20270.7,20388,20633.2,20793.5,20857,21031,21320.1,21603.6,21866.6,22184,22394.6,22619.8,23018.7,23344,23724,23991.9,24234,24433.4,24729.3,25057.1,25216.8,24947.1,22588.5,24608.9,25432,26310.3,27461.6,28281.4,29187,29952.5,30739,31290.6,31459.5,32006.8,32156.5,32569.1,32873.1,33432,33853.3,34384.2
PVT,20265.3,20640.9,21098.3,21571.2,21861.3,22072.4,22258.3,22397.9,22766.9,23215.5,23434.7,23847.8,23975.5,24474.5,24320.9,22837.5,21693.1,21477.5,21697.4,22055.4,22525.7,22960.4,23326,23754.1,24218.7,24627.6,24857.1,25034.4,25596.3,25644.8,25821.2,26301.4,26516.4,26806,27069.1,27437.5,27774.1,28246.5,28528.8,28645.2,28419.1,28715.6,28824,28692,28709.1,29074.9,29415.4,29785.4,30248.8,30455,30746.1,31432.2,31932.8,32460.6,32828.6,33028.3,33099.8,33472.7,33742.9,33802.6,33356.6,29924,32683.9,33811.8,35184.9,36734.8,37821.8,39182,40444.2,41780.7,42313.5,42389.6,42853.8,42930.7,43515.4,43857.6,44444.4,44939.6,45498.8
